{
    "order": 1, 
    "robot_pose": {
        "pos_z": -2.8277126551401466e-07, 
        "pos_x": 1.5463347926210527, 
        "pos_y": -0.023493701706779266, 
        "ori_x": 2.0587304607102434e-07, 
        "ori_y": 1.4376113705361492e-06, 
        "ori_z": -0.0032237848312297694, 
        "ori_w": 0.9999948035911251
    }
}