{
    "order": 2, 
    "robot_pose": {
        "pos_z": -3.3478190791802476e-07, 
        "pos_x": 2.713443169583129, 
        "pos_y": -0.030856689036790983, 
        "ori_x": 8.525544943380804e-08, 
        "ori_y": 1.4181649672422244e-06, 
        "ori_z": -0.0020744156376584543, 
        "ori_w": 0.9999978483965571
    }
}